Workbook

Sheet Data
A1: Client Name | B1: Industry | C1: Country | D1: Date of Win | E1: Win Value ($ M) | G1: Industry H1 | H1: Country H2 | I1: Date of Win H3 | J1: Condition | K1: c1 | L1: c2
A2: Client 1 | B2: Healthcare | C2: China | D2: 41641 | E2: 739 | G2: =IF(Links!$E$2="All Industries",TRUE,Links!$E$2=Data!B2) -> TRUE | H2: =IF(Links!$F$2="All Regions",TRUE,Links!$F$2=Data!C2) -> TRUE | I2: =IF(Links!$G$2="All Months",TRUE,Links!$G$2=Data!D2) -> TRUE | J2: =AND(G2:I2) -> TRUE | K2: =IF(J2,ROWS($J$2:J2),"") -> 1 | L2: =IFERROR(SMALL($K$2:$K$101,ROWS($K$2:K2)),"") -> 1
A3: Client 2 | B3: Banking | C3: France | D3: 41645 | E3: 948 | G3: =IF(Links!$E$2="All Industries",TRUE,Links!$E$2=Data!B3) -> FALSE | H3: =IF(Links!$F$2="All Regions",TRUE,Links!$F$2=Data!C3) -> TRUE | I3: =IF(Links!$G$2="All Months",TRUE,Links!$G$2=Data!D3) -> TRUE | J3: =AND(G3:I3) -> FALSE | K3: =IF(J3,ROWS($J$2:J3),"") | L3: =IFERROR(SMALL($K$2:$K$101,ROWS($K$2:K3)),"") -> 9
A4: Client 3 | B4: Automotive | C4: US | D4: 41646 | E4: 964 | G4: =IF(Links!$E$2="All Industries",TRUE,Links!$E$2=Data!B4) -> FALSE | H4: =IF(Links!$F$2="All Regions",TRUE,Links!$F$2=Data!C4) -> TRUE | I4: =IF(Links!$G$2="All Months",TRUE,Links!$G$2=Data!D4) -> TRUE | J4: =AND(G4:I4) -> FALSE | K4: =IF(J4,ROWS($J$2:J4),"") | L4: =IFERROR(SMALL($K$2:$K$101,ROWS($K$2:K4)),"") -> 14
A5: Client 4 | B5: IT | C5: Spain | D5: 41649 | E5: 896 | G5: =IF(Links!$E$2="All Industries",TRUE,Links!$E$2=Data!B5) -> FALSE | H5: =IF(Links!$F$2="All Regions",TRUE,Links!$F$2=Data!C5) -> TRUE | I5: =IF(Links!$G$2="All Months",TRUE,Links!$G$2=Data!D5) -> TRUE | J5: =AND(G5:I5) -> FALSE | K5: =IF(J5,ROWS($J$2:J5),"") | L5: =IFERROR(SMALL($K$2:$K$101,ROWS($K$2:K5)),"") -> 15
A6: Client 5 | B6: Banking | C6: China | D6: 41650 | E6: 106 | G6: =IF(Links!$E$2="All Industries",TRUE,Links!$E$2=Data!B6) -> FALSE | H6: =IF(Links!$F$2="All Regions",TRUE,Links!$F$2=Data!C6) -> TRUE | I6: =IF(Links!$G$2="All Months",TRUE,Links!$G$2=Data!D6) -> TRUE | J6: =AND(G6:I6) -> FALSE | K6: =IF(J6,ROWS($J$2:J6),"") | L6: =IFERROR(SMALL($K$2:$K$101,ROWS($K$2:K6)),"") -> 22
A7: Client 6 | B7: Retail | C7: Germany | D7: 41654 | E7: 512 | G7: =IF(Links!$E$2="All Industries",TRUE,Links!$E$2=Data!B7) -> FALSE | H7: =IF(Links!$F$2="All Regions",TRUE,Links!$F$2=Data!C7) -> TRUE | I7: =IF(Links!$G$2="All Months",TRUE,Links!$G$2=Data!D7) -> TRUE | J7: =AND(G7:I7) -> FALSE | K7: =IF(J7,ROWS($J$2:J7),"") | L7: =IFERROR(SMALL($K$2:$K$101,ROWS($K$2:K7)),"") -> 26
A8: Client 7 | B8: Retail | C8: Canada | D8: 41655 | E8: 125 | G8: =IF(Links!$E$2="All Industries",TRUE,Links!$E$2=Data!B8) -> FALSE | H8: =IF(Links!$F$2="All Regions",TRUE,Links!$F$2=Data!C8) -> TRUE | I8: =IF(Links!$G$2="All Months",TRUE,Links!$G$2=Data!D8) -> TRUE | J8: =AND(G8:I8) -> FALSE | K8: =IF(J8,ROWS($J$2:J8),"") | L8: =IFERROR(SMALL($K$2:$K$101,ROWS($K$2:K8)),"") -> 31
A9: Client 8 | B9: Retail | C9: France | D9: 41666 | E9: 966 | G9: =IF(Links!$E$2="All Industries",TRUE,Links!$E$2=Data!B9) -> FALSE | H9: =IF(Links!$F$2="All Regions",TRUE,Links!$F$2=Data!C9) -> TRUE | I9: =IF(Links!$G$2="All Months",TRUE,Links!$G$2=Data!D9) -> TRUE | J9: =AND(G9:I9) -> FALSE | K9: =IF(J9,ROWS($J$2:J9),"") | L9: =IFERROR(SMALL($K$2:$K$101,ROWS($K$2:K9)),"") -> 33
A10: Client 9 | B10: Healthcare | C10: Spain | D10: 41669 | E10: 170 | G10: =IF(Links!$E$2="All Industries",TRUE,Links!$E$2=Data!B10) -> TRUE | H10: =IF(Links!$F$2="All Regions",TRUE,Links!$F$2=Data!C10) -> TRUE | I10: =IF(Links!$G$2="All Months",TRUE,Links!$G$2=Data!D10) -> TRUE | J10: =AND(G10:I10) -> TRUE | K10: =IF(J10,ROWS($J$2:J10),"") -> 9 | L10: =IFERROR(SMALL($K$2:$K$101,ROWS($K$2:K10)),"") -> 55
A11: Client 10 | B11: IT | C11: Canada | D11: 41670 | E11: 301 | G11: =IF(Links!$E$2="All Industries",TRUE,Links!$E$2=Data!B11) -> FALSE | H11: =IF(Links!$F$2="All Regions",TRUE,Links!$F$2=Data!C11) -> TRUE | I11: =IF(Links!$G$2="All Months",TRUE,Links!$G$2=Data!D11) -> TRUE | J11: =AND(G11:I11) -> FALSE | K11: =IF(J11,ROWS($J$2:J11),"") | L11: =IFERROR(SMALL($K$2:$K$101,ROWS($K$2:K11)),"") -> 56
A12: Client 11 | B12: Automotive | C12: Canada | D12: 41671 | E12: 445 | G12: =IF(Links!$E$2="All Industries",TRUE,Links!$E$2=Data!B12) -> FALSE | H12: =IF(Links!$F$2="All Regions",TRUE,Links!$F$2=Data!C12) -> TRUE | I12: =IF(Links!$G$2="All Months",TRUE,Links!$G$2=Data!D12) -> TRUE | J12: =AND(G12:I12) -> FALSE | K12: =IF(J12,ROWS($J$2:J12),"") | L12: =IFERROR(SMALL($K$2:$K$101,ROWS($K$2:K12)),"") -> 63
A13: Client 12 | B13: Retail | C13: China | D13: 41672 | E13: 597 | G13: =IF(Links!$E$2="All Industries",TRUE,Links!$E$2=Data!B13) -> FALSE | H13: =IF(Links!$F$2="All Regions",TRUE,Links!$F$2=Data!C13) -> TRUE | I13: =IF(Links!$G$2="All Months",TRUE,Links!$G$2=Data!D13) -> TRUE | J13: =AND(G13:I13) -> FALSE | K13: =IF(J13,ROWS($J$2:J13),"") | L13: =IFERROR(SMALL($K$2:$K$101,ROWS($K$2:K13)),"") -> 64
... A101: Client 100 | B101: Automotive | C101: Germany | D101: 41983 | E101: 192 | G101: =IF(Links!$E$2="All Industries",TRUE,Links!$E$2=Data!B101) -> FALSE | H101: =IF(Links!$F$2="All Regions",TRUE,Links!$F$2=Data!C101) -> TRUE | I101: =IF(Links!$G$2="All Months",TRUE,Links!$G$2=Data!D101) -> TRUE | J101: =AND(G101:I101) -> FALSE | K101: =IF(J101,ROWS($J$2:J101),"") | L101: =IFERROR(SMALL($K$2:$K$101,ROWS($K$2:K101)),"")

Sheet Links
A1: All Industries | B1: All Regions | C1: All Months | E1: 2 | F1: 1 | G1: 1
A2: Healthcare | B2: China | C2: January | E2: =INDEX($A$1:$A$6,E1) -> Healthcare | F2: =INDEX($B$1:$B$8,F1) -> All Regions | G2: =INDEX($C$1:$C$13,G1) -> All Months
A3: Banking | B3: France | C3: February
A4: Automotive | B4: US | C4: March
A5: IT | B5: Spain | C5: April
A6: Retail | B6: Germany | C6: May | E6: Count | F6: =COUNTIF(Dashboard!B6:B105,"?*") -> 21
B7: Canada | C7: June | E7: Sum | F7: =SUM(Dashboard!F6:F105) -> 13745
B8: India | C8: July
C9: August
C10: September
C11: October
C12: November
C13: December

Sheet Dashboard
B5: Client Name | C5: Industry | D5: Country | E5: Date of Win | F5: Win Value ($ M)
B6: =IFERROR(INDEX(Data!$A$2:$E$101,Data!$L2,COLUMNS(Data!$I$1:I101)),"") -> Client 1 | C6: =IFERROR(INDEX(Data!$A$2:$E$101,Data!$L2,COLUMNS(Data!$I$1:J101)),"") -> Healthcare | D6: =IFERROR(INDEX(Data!$A$2:$E$101,Data!$L2,COLUMNS(Data!$I$1:K101)),"") -> China | E6: =IFERROR(INDEX(Data!$A$2:$E$101,Data!$L2,COLUMNS(Data!$I$1:L101)),"") -> 41641 | F6: =IFERROR(INDEX(Data!$A$2:$E$101,Data!$L2,COLUMNS(Data!$I$1:M101)),"") -> 739
B7: =IFERROR(INDEX(Data!$A$2:$E$101,Data!$L3,COLUMNS(Data!$I$1:I102)),"") -> Client 9 | C7: =IFERROR(INDEX(Data!$A$2:$E$101,Data!$L3,COLUMNS(Data!$I$1:J102)),"") -> Healthcare | D7: =IFERROR(INDEX(Data!$A$2:$E$101,Data!$L3,COLUMNS(Data!$I$1:K102)),"") -> Spain | E7: =IFERROR(INDEX(Data!$A$2:$E$101,Data!$L3,COLUMNS(Data!$I$1:L102)),"") -> 41669 | F7: =IFERROR(INDEX(Data!$A$2:$E$101,Data!$L3,COLUMNS(Data!$I$1:M102)),"") -> 170
B8: =IFERROR(INDEX(Data!$A$2:$E$101,Data!$L4,COLUMNS(Data!$I$1:I103)),"") -> Client 14 | C8: =IFERROR(INDEX(Data!$A$2:$E$101,Data!$L4,COLUMNS(Data!$I$1:J103)),"") -> Healthcare | D8: =IFERROR(INDEX(Data!$A$2:$E$101,Data!$L4,COLUMNS(Data!$I$1:K103)),"") -> Canada | E8: =IFERROR(INDEX(Data!$A$2:$E$101,Data!$L4,COLUMNS(Data!$I$1:L103)),"") -> 41678 | F8: =IFERROR(INDEX(Data!$A$2:$E$101,Data!$L4,COLUMNS(Data!$I$1:M103)),"") -> 517
B9: =IFERROR(INDEX(Data!$A$2:$E$101,Data!$L5,COLUMNS(Data!$I$1:I104)),"") -> Client 15 | C9: =IFERROR(INDEX(Data!$A$2:$E$101,Data!$L5,COLUMNS(Data!$I$1:J104)),"") -> Healthcare | D9: =IFERROR(INDEX(Data!$A$2:$E$101,Data!$L5,COLUMNS(Data!$I$1:K104)),"") -> China | E9: =IFERROR(INDEX(Data!$A$2:$E$101,Data!$L5,COLUMNS(Data!$I$1:L104)),"") -> 41679 | F9: =IFERROR(INDEX(Data!$A$2:$E$101,Data!$L5,COLUMNS(Data!$I$1:M104)),"") -> 999
B10: =IFERROR(INDEX(Data!$A$2:$E$101,Data!$L6,COLUMNS(Data!$I$1:I105)),"") -> Client 22 | C10: =IFERROR(INDEX(Data!$A$2:$E$101,Data!$L6,COLUMNS(Data!$I$1:J105)),"") -> Healthcare | D10: =IFERROR(INDEX(Data!$A$2:$E$101,Data!$L6,COLUMNS(Data!$I$1:K105)),"") -> India | E10: =IFERROR(INDEX(Data!$A$2:$E$101,Data!$L6,COLUMNS(Data!$I$1:L105)),"") -> 41727 | F10: =IFERROR(INDEX(Data!$A$2:$E$101,Data!$L6,COLUMNS(Data!$I$1:M105)),"") -> 973
B11: =IFERROR(INDEX(Data!$A$2:$E$101,Data!$L7,COLUMNS(Data!$I$1:I106)),"") -> Client 26 | C11: =IFERROR(INDEX(Data!$A$2:$E$101,Data!$L7,COLUMNS(Data!$I$1:J106)),"") -> Healthcare | D11: =IFERROR(INDEX(Data!$A$2:$E$101,Data!$L7,COLUMNS(Data!$I$1:K106)),"") -> China | E11: =IFERROR(INDEX(Data!$A$2:$E$101,Data!$L7,COLUMNS(Data!$I$1:L106)),"") -> 41731 | F11: =IFERROR(INDEX(Data!$A$2:$E$101,Data!$L7,COLUMNS(Data!$I$1:M106)),"") -> 890
B12: =IFERROR(INDEX(Data!$A$2:$E$101,Data!$L8,COLUMNS(Data!$I$1:I107)),"") -> Client 31 | C12: =IFERROR(INDEX(Data!$A$2:$E$101,Data!$L8,COLUMNS(Data!$I$1:J107)),"") -> Healthcare | D12: =IFERROR(INDEX(Data!$A$2:$E$101,Data!$L8,COLUMNS(Data!$I$1:K107)),"") -> Spain | E12: =IFERROR(INDEX(Data!$A$2:$E$101,Data!$L8,COLUMNS(Data!$I$1:L107)),"") -> 41741 | F12: =IFERROR(INDEX(Data!$A$2:$E$101,Data!$L8,COLUMNS(Data!$I$1:M107)),"") -> 763
B13: =IFERROR(INDEX(Data!$A$2:$E$101,Data!$L9,COLUMNS(Data!$I$1:I108)),"") -> Client 33 | C13: =IFERROR(INDEX(Data!$A$2:$E$101,Data!$L9,COLUMNS(Data!$I$1:J108)),"") -> Healthcare | D13: =IFERROR(INDEX(Data!$A$2:$E$101,Data!$L9,COLUMNS(Data!$I$1:K108)),"") -> India | E13: =IFERROR(INDEX(Data!$A$2:$E$101,Data!$L9,COLUMNS(Data!$I$1:L108)),"") -> 41743 | F13: =IFERROR(INDEX(Data!$A$2:$E$101,Data!$L9,COLUMNS(Data!$I$1:M108)),"") -> 970
B14: =IFERROR(INDEX(Data!$A$2:$E$101,Data!$L10,COLUMNS(Data!$I$1:I109)),"") -> Client 55 | C14: =IFERROR(INDEX(Data!$A$2:$E$101,Data!$L10,COLUMNS(Data!$I$1:J109)),"") -> Healthcare | D14: =IFERROR(INDEX(Data!$A$2:$E$101,Data!$L10,COLUMNS(Data!$I$1:K109)),"") -> Canada | E14: =IFERROR(INDEX(Data!$A$2:$E$101,Data!$L10,COLUMNS(Data!$I$1:L109)),"") -> 41801 | F14: =IFERROR(INDEX(Data!$A$2:$E$101,Data!$L10,COLUMNS(Data!$I$1:M109)),"") -> 655
B15: =IFERROR(INDEX(Data!$A$2:$E$101,Data!$L11,COLUMNS(Data!$I$1:I110)),"") -> Client 56 | C15: =IFERROR(INDEX(Data!$A$2:$E$101,Data!$L11,COLUMNS(Data!$I$1:J110)),"") -> Healthcare | D15: =IFERROR(INDEX(Data!$A$2:$E$101,Data!$L11,COLUMNS(Data!$I$1:K110)),"") -> US | E15: =IFERROR(INDEX(Data!$A$2:$E$101,Data!$L11,COLUMNS(Data!$I$1:L110)),"") -> 41803 | F15: =IFERROR(INDEX(Data!$A$2:$E$101,Data!$L11,COLUMNS(Data!$I$1:M110)),"") -> 704
B16: =IFERROR(INDEX(Data!$A$2:$E$101,Data!$L12,COLUMNS(Data!$I$1:I111)),"") -> Client 63 | C16: =IFERROR(INDEX(Data!$A$2:$E$101,Data!$L12,COLUMNS(Data!$I$1:J111)),"") -> Healthcare | D16: =IFERROR(INDEX(Data!$A$2:$E$101,Data!$L12,COLUMNS(Data!$I$1:K111)),"") -> China | E16: =IFERROR(INDEX(Data!$A$2:$E$101,Data!$L12,COLUMNS(Data!$I$1:L111)),"") -> 41817 | F16: =IFERROR(INDEX(Data!$A$2:$E$101,Data!$L12,COLUMNS(Data!$I$1:M111)),"") -> 975
B17: =IFERROR(INDEX(Data!$A$2:$E$101,Data!$L13,COLUMNS(Data!$I$1:I112)),"") -> Client 64 | C17: =IFERROR(INDEX(Data!$A$2:$E$101,Data!$L13,COLUMNS(Data!$I$1:J112)),"") -> Healthcare | D17: =IFERROR(INDEX(Data!$A$2:$E$101,Data!$L13,COLUMNS(Data!$I$1:K112)),"") -> Germany | E17: =IFERROR(INDEX(Data!$A$2:$E$101,Data!$L13,COLUMNS(Data!$I$1:L112)),"") -> 41821 | F17: =IFERROR(INDEX(Data!$A$2:$E$101,Data!$L13,COLUMNS(Data!$I$1:M112)),"") -> 719
... B105: =IFERROR(INDEX(Data!$A$2:$E$101,Data!$L101,COLUMNS(Data!$I$1:I200)),"") | C105: =IFERROR(INDEX(Data!$A$2:$E$101,Data!$L101,COLUMNS(Data!$I$1:J200)),"") | D105: =IFERROR(INDEX(Data!$A$2:$E$101,Data!$L101,COLUMNS(Data!$I$1:K200)),"") | E105: =IFERROR(INDEX(Data!$A$2:$E$101,Data!$L101,COLUMNS(Data!$I$1:L200)),"") | F105: =IFERROR(INDEX(Data!$A$2:$E$101,Data!$L101,COLUMNS(Data!$I$1:M200)),"")

Sheet Sheet2
B1: Region | C1: Industry | D1: Year of Win | E1: Client Segment | F1: Competitors | G1: Win Back Competitor | H1: Business Partner | I1: Workload
B2: All Region | C2: All Industry | D2: All Year of Win | E2: All Client Segment | F2: All Competitors | G2: All Win Back Competitor | H2: All Business Partner | I2: All Workload
B3: Asia Pacific IOT | C3: Architecture | D3: 2015 | E3: General Business: Enterprise Account | F3: Accenture | G3: Amazon.com | H3: AKSAAS / MSP - Managed Service Provider | I3: Development & Test and Small/ Medium Managed DB
B4: Europe IOT | C4: Associations | D4: 2014 | E4: General Business: Mid-Market Account | F4: Amazon.com | G4: British Telecommunication Plc | H4: Aoba Hopkins Information Management Ltd | I4: Development & Test; Managed Web Hosting Managed Production Infrastructure; Business Continuity with high RTO /RPO
B5: North America IOT | C5: Automotive | D5: 2013 | E5: Integrated/Aligned Account | F5: AT&T | G5: Cisco | H5: direct IBM deal | I5: Managed Web Hosting Managed Production Infrastructure
B6: Greater China Group IOT | C6: Banking | D6: 2012 | F6: Compuware | G6: Fujitsu Siemens Computers | H6: ComPro Bilisim Teknolojileri A.S / Reseller | I6: Development & Test; Managed Production Infrastructure
B7: Japan IOT | C7: Chemicals & Petroleum | F7: CSC | G7: HP Financial Services | H7: BP3 Global Inc. (BPM partner with WebSphere) installed the software | I7: NA
B8: Middle East and Africa IOT | C8: Computer Services | F8: Dell | G8: HP Hewlett-Packard Ltd | H8: WIS | I8: Mail system
B9: Latin America IOT | C9: Construction | F9: Deloitte & Touche | G9: Infosys | H9: SAP AG / ztze8k4 / Independent Software Vendor | I9: Development & Test ; Managed Web Hosting Managed Production Infrastructure
C10: Consumer Products | F10: Dimension Data Holdings | G10: Microsoft | H10: M7 Managed Services / MSP - Managed Service Provider | I10: Virtual Server Instances
C11: Education | F11: Google | G11: None | H11: Citrix Systems, Inc. / ztze8l7 / Independent Software Vendor | I11: IBM PureApplication Service
C12: Electronics | F12: HCL Technologies | G12: NTT | H12: Kjaer Data / Reseller, Systems Integrator | I12: development/test environment
C13: Energy & Utilities | F13: Hitachi | G13: Oracle | H13: Micro Strategies | I13: Development & Test; Managed Web Hosting Managed Production Infrastructure; Business Continuity with high RTO/RPO
C14: Engineering | F14: HP Financial Services | G14: Other Industry Player | H14: Salesforce.com | I14: dedicated servers for dev and test, Web hosting, and to deploy a unique production infrastructure
C15: Financial Markets | F15: HP Hewlett-Packard Ltd | G15: Verizon | H15: SoftLayer | I15: Development & Test
C16: Government | F16: iGate | G16: VMware | H16: GIS | I16: cloud hosting platform
C17: Healthcare | F17: Microsoft | H17: Vizrt / Services Provider, Solution Provider | I17: bare metal offering in a private SoftLayer environment
C18: Industrial Products | F18: NEC | H18: Element Blue (IBM Advanced Business Partner) / Element Blue is the Advanced Business Partner of IBM. It helps hundreds of companies create a 'Smarter Business' with computing solutions that provide a sustainable, repeatable, and competitive advantage. Its creative and seasoned team of software professionals build software products and solutions with IBM technology. Their customers gain value by being uniquely positioned to create a more intelligent operation, agile and cost saving business. | I18: Test application/database processing and performance response to varying infrastructure configurations
C19: Insurance | F19: NTT | I19: development/testing environment
C20: Life Sciences | F20: Oracle | I20: Managed Web Hosting Managed Production Infrastructure; Small/ Medium Managed DB ; and Virtual Desktop infrastructure.
C21: Media & Entertainment | F21: Rackspace US Inc | I21: application and database servers
C22: Professional Services | F22: SAP | I22: Development & Test ;Managed Web Hosting Managed Production Infrastructure; and ERP (SAP). CRM, SCM.
C23: Retail | F23: SAS | I23: One Control application is hosted on the SoftLayer environment
C24: Telecommunications | F24: Secure Computing | I24: dev and test of the analytics engine
C25: Travel & Transportation | F25: TCS Consulting | I25: ERP (SAP). CRM, SCM
C26: Wholesale Distribution & Services | F26: TELSTRA | I26: Development & Test; Managed Web Hosting; Managed Production Infrastructure; Small/ Medium Managed DB; Logistics ; ERP (SAP). CRM, SCM; and Business Continuity with high RTO/RPO
F27: Tibco | I27: hosts an Oracle database; hosts Vyatta networking router device
F28: T'Systems | I28: IBM WebSphere Business Process Management software
F29: Verizon | I29: deliver IBM's Informix database managemnt
F30: Wipro | I30: replicated production environment through an Oracle Real Application Clusters (RAC) database and Oracle GoldenGate technology over the SoftLayer network
